Proof_ID,Customer_ID,F_name,M_name,L_name,Password
WBAWV535X8P635761,1001,Aditya,Arpit,Shah,YdIjuk
WAUCFAFH9CN867237,1002,Rishi,Raj,Shivani,FZBzmH2DE
WBAAV33421F963287,1003,Rushi,Ruchit,Patel,AYomneW
JM1NC2JF6E0511179,1004,Pavan,Karan,Kotak,SQVnXMYEO
WVWED7AJ3BW848853,1005,Sanket,Anil,Jain,8TZRDOC
SCFAD05D69G269775,1006,Nishit,Vasant,Jagetia,Qm6Rp1eP3
3D4PG6FV0AT544828,1007,Vedant,Dipen,Thakkar,3vV7qagY
WAULL44E36N123592,1008,Sarthak,Tarak,Patel,LSLhteo
WA1LGBFE3CD565292,1009,Rahul,Narain,Khatri,ZtxQ8gDJfw9
WBAYB6C58DC994289,1010,Bhagyesh,Ashok,Ganatra,Dw3KVe
WBAFR1C56BC724366,1011,Neel,Kunj,Makadia,rnoRSgb
1GYS4HEF6BR512959,1012,Dhruvil,Atmaram,Bhatt,PB3BgX
WAUFFBFL1BN635964,1013,Hemant,Tukaram,Jain,5CyiQI
1FTMF1E88AF706150,1014,Hitesh,Kavan,Goyal,5IvYtRp
WVGAV3AX3DW444555,1015,Mihir,Shirish,Desai,WPsFnK8C
3N6CM0KN3FK713841,1016,Mitesh,Ritik,Koradia,dibKfhjBYKJ
2T1BURHEXFC733107,1017,Mohit,Anil,Agrawal,Ze1vzhA
1D7RB1CT4BS408351,1018,Vishal,Kaushal,Dadlani,txAFIZo7jRj
JN1AZ4EH0FM877074,1019,Chaitanya,Yug,Patel,jWr0tms2
1GYS4JKJXFR190980,1020,Ishan,Mehul,Mehta,bqyoD1a
WAUML64B82N507948,1021,Tulsi,Das,Khan,PUSwZF
1C4RDJAG4FC479091,1022,Kiran,Venkat,Ravuri,5eAOsyZ
WAUVFAFR4BA707919,1023,Saketh,Nilesh,Ram,1JnKOFNElih
5UXFG8C57CL794279,1024,Mahaksh,Kanaiyalal,Trivedi,c8ZHbbnmXU
SCBGT3ZA6DC492186,1025,Darshan,Dominic,Parmar,g8Sb9SzCr
WAUJGAFD8FN974043,1026,Parthiv,Rakesh,Patel,hQn8K4
WA1LYBFE5AD191777,1027,Mahiraj,Praveen,Rathod,af3SYV2BPu5p
JH4CL96997C451885,1028,Devansh,Girish,Vyas,3lAIsBHlIxS2
4T1BD1EB0DU864330,1029,Ayush,Pravin,Krishnamohan,5A28GEevZ
3C3CFFCR7ET991883,1030,Devanshu,Harshad,Vithlani,BUFebtx8yxKp
1N4AL3APXDC915828,1031,Manan,Lalit,Joshi,UUrp1c1VV
3VWML7AJ7DM041072,1032,Akshar,Mohan,Rughani,tgG4a3
1G6AP5SX0F0552309,1033,Harshal,Party,Markana,MVVMGcBVHdS
WDDGF4HB7DR787806,1034,Vyom,Rajesh,Modi,GeZnKkHu9Lhn
1C4RJEAG2FC430455,1035,Ved,Pankaj,Patel,JmVqi5
WAUAH74F78N568763,1036,Nishant,Ketan,Shah,5IVH1aRsR
5UXFE83598L168276,1037,Mohil,Deven,Khimani,t3kpouSKBUY
WAUMFBFL3BN003166,1038,Smit,Anil,Kumbhani,elHF6x8EEr
3VW517AT3FM052147,1039,Yash,Ketul,Joshi,9WQazwYYRud
KMHHT6KD2CU548135,1040,Preet,Ashok,Modh,TFLOQfaM
WAUVT68E73A278776,1041,Dhruman,Ashish,Rathod,Qi8byfmhI8XM
1G4HJ5EM2AU028364,1042,Sujoy,Brijesh,Datta,7HnJcNDKjXG
SCBZK25E41C722530,1043,Ramesh,Suresh,Prajapati,G65JSUf1XbS8
1G6AM5SX9D0118931,1044,Alok,Mohan,Thakor,a26qRE6rwuP
SCBFC7ZA6EC008425,1045,Sudhir,Ishan,Chaudhry,HiQlfh
JH4NA21641T651079,1046,Ravi,Arvind,Chauhan,uSOgdZZJabmV
WA1CGAFE8ED175625,1047,Ankit,Pradeep,Yadav,mXdinsonV
1GD02ZCG9CF822624,1048,Kashyap,Krish,Thakkar,yn50T55
1FTEX1CM8BF315907,1049,Faizan,Arbaz,Shaikh,XTDSZATiZ5
WBSKG9C50DE316063,1050,Rafiq,Ahmad,Pathan,CsfIlGq
3VW507AT6EM565796,1051,Vishwa,Dharmendra,Shah,PK38nijyPPUM
1FMJK1H55EE463534,1052,Tanaya,Alpesh,Shah,7oPib47sa
WVWGD7AJ5EW990215,1053,Mahi,Harshad,Patel,7fa3XaiBVu
1GD312CG0CF229953,1054,Gresha,Hemant,Pancholi,ShKWfb
1FMHK7B85BG395062,1055,Rajvi,Baa,Gohil,TXSQDK2fq8XN
1C3BC1FB3BN109044,1056,Ishwa,Shailendra,Bhatt,13HuulT
19UUA66297A501386,1057,Parita,Sunil,Patel,TA1RX8O2p
WBAEN33402E500878,1058,Hasrhil,Kaplesh,Joshi,R9wQR3p
1C6RD6JT3CS871496,1059,Shiv,Shailesh,Raj,66elDlr
1C6RD6NT2CS903123,1060,Harshil,Ramesh,Gandhi,jRFw1KZqCe
WAUBF78E87A506015,1061,Tapan,Ramesh,Parikh,4orFTEPFvQ
1GYS4KEF0DR481840,1062,Chintan,Jayesh,Maniyar,3pT8zBL
VNKKTUD30FA318285,1063,Devyani,Aditya,Panchal,GcfHE06KZX1f
WAULFAFH6CN209195,1064,Dishita,Ashish,Patel,Ko3TFjOq
3D7TP2CT6AG820385,1065,Priyal,Suresh,Raj,zcYk9LGm7vq
5FRYD3H29GB256596,1066,Ishani,Hitesh,Benerjee,Wd6VPxhgpu
2C3CA2CV4AH752380,1067,Vanshika,Amit,Kochar,0P9M4HVXqYBG
WA1LMAFE3DD217870,1068,Aaditi,Anil,Roy,UaDaRL
KL4CJASB7DB135317,1069,Pratvi,Mohan,Shah,loxI9drx
WAUEH78E88A214504,1070,Yashi,Alkesh,Shah,ZGq9Ue
WBA3N3C52EK212530,1071,Simar,Alik,Kanojiya,X5XcQhkO69D4
TRUTC28N131325454,1072,Vidushi,Akash,Singh,YjDWyDhG
WVGAV7AX4AW427475,1073,Dipankar,Bro,Sugat,Cdw9Ix6
1FMJK1FT8FE926270,1074,Archita,Karan,Nigam,ZHfl8QJNaeH
SCBCP7ZA1AC958533,1075,Khushi,Kanu,Dave,2COATeWFQhH
3N1AB6AP0BL027284,1076,Foram,Praneet,Gohil,OYRwgRyuqu
WVWAP7AN9DE862418,1077,Dhruvi,Kalpesh,Thakkar,l25utee7
JM1NC2LF3D0583694,1078,Charmi,Dharmendra,Shah,pL1qzH
1C3BC2FB5BN416141,1079,Ruchi,Amrut,Shah,myTS3W9AVpvZ
2T1BPRHE6FC834510,1080,Heta,Aditya,Ahir,xSKkfGyAu0